1,General,0,1,2026-05-09 12:25:11
2,Budget,1,1,2026-05-09 12:25:11
3,Finance,2,1,2026-05-09 12:25:11
4,Safety,3,1,2026-05-09 12:25:11
5,Security,4,1,2026-05-09 12:25:11
6,Health,5,1,2026-05-09 12:25:11
7,HR,6,1,2026-05-09 12:25:11
8,Operations,7,1,2026-05-09 12:25:11
9,General,0,2,2026-05-27 01:44:16
204,General,0,33,2026-05-27 16:01:38
205,General,0,34,2026-05-27 16:01:38
1406,General,0,190,2026-05-31 14:19:38
1408,General,0,189,2026-05-31 14:19:39
2400,General,0,319,2026-06-08 13:38:11
2561,General,0,340,2026-06-09 17:46:07
