1,1,1,published,1,2026-05-09 13:34:47,2026-05-09 13:34:47
2,2,1,published,1,2026-05-09 13:48:58,2026-05-09 13:48:58
3,1,2,published,1,2026-05-12 15:08:13,2026-05-12 15:08:13
5,4,1,published,1,2026-05-12 19:23:23,2026-05-12 19:31:00
6,1,3,published,1,2026-05-13 12:58:42,2026-05-13 12:58:53
7,2,2,published,1,2026-05-15 13:50:46,2026-05-15 13:50:49
8,5,1,published,4,2026-05-27 12:18:25,2026-05-27 12:19:43
9,5,2,published,4,2026-05-28 00:25:15,2026-05-28 00:25:15
10,6,1,published,5,2026-05-28 13:25:14,2026-05-28 13:25:14
11,5,3,published,4,2026-05-28 13:44:04,2026-05-28 13:44:04
12,7,1,published,4,2026-05-30 15:00:10,2026-05-30 15:00:19
13,5,4,published,4,2026-05-30 15:44:50,2026-05-30 15:44:50
14,7,2,published,4,2026-05-30 16:12:34,2026-05-30 16:12:34
15,8,1,published,8,2026-06-01 18:46:09,2026-06-01 18:50:41
16,9,1,published,11,2026-06-09 18:04:18,2026-06-09 18:04:36
17,8,2,published,8,2026-06-10 18:45:43,2026-06-10 18:45:43
18,6,2,published,5,2026-06-10 18:46:08,2026-06-10 18:46:08
19,9,2,published,11,2026-06-11 15:25:22,2026-06-11 15:25:22
20,9,3,published,11,2026-06-18 17:10:31,2026-06-18 17:10:31
21,5,5,published,4,2026-06-18 20:04:39,2026-06-18 20:04:39
23,11,1,published,11,2026-06-23 13:55:54,2026-07-08 13:59:35
